Entity,Year,v2x_libdem,GDP per capita
South Africa,2000,0.629,3217.84693448467
South Africa,2001,0.629,2847.15191945908
South Africa,2002,0.629,2688.23676032806
South Africa,2003,0.629,4062.21755993786
South Africa,2004,0.649,5221.46333731721
South Africa,2005,0.658,5836.87663325127
South Africa,2006,0.661,6077.38293388876
South Africa,2007,0.662,6591.85535960564
South Africa,2008,0.657,6184.75474328399
South Africa,2009,0.656,6374.70560042992
South Africa,2010,0.666,7973.47195771517
South Africa,2011,0.666,8646.05571071635
South Africa,2012,0.668,8076.97678479741
South Africa,2013,0.65,7331.65467384919
South Africa,2014,0.641,6856.73137092522
South Africa,2015,0.649,6112.27382485974
South Africa,2016,0.645,5651.20585165749
South Africa,2017,0.626,6618.33508255701
South Africa,2018,0.64,6914.1780318076
South Africa,2019,0.623,6533.71121032856
South Africa,2020,0.604,5580.60383075189
South Africa,2021,0.609,6828.75624590017
South Africa,2022,0.61,6534.24867783397
South Africa,2023,0.602,6034.27208964673
South Africa,2024,0.648,6267.186814093
Brazil,2000,0.717,3766.54811466032
Brazil,2001,0.717,3176.28935747524
Brazil,2002,0.721,2855.94018885769
Brazil,2003,0.722,3090.6070097455
Brazil,2004,0.722,3663.823188064
Brazil,2005,0.772,4827.78173074714
Brazil,2006,0.77,5934.14470924968
Brazil,2007,0.769,7409.69130673473
Brazil,2008,0.769,8908.33176538648
Brazil,2009,0.769,8678.6592244676
Brazil,2010,0.776,11403.2821278747
Brazil,2011,0.781,13396.6243562986
Brazil,2012,0.777,12521.7213519966
Brazil,2013,0.781,12458.8912138813
Brazil,2014,0.783,12274.9939689363
Brazil,2015,0.769,8936.19661712113
Brazil,2016,0.653,8836.28652735657
Brazil,2017,0.641,10080.5092819305
Brazil,2018,0.608,9300.66164923219
Brazil,2019,0.528,9029.83326681073
Brazil,2020,0.534,7074.19378337644
Brazil,2021,0.531,7972.5366498646
Brazil,2022,0.54,9281.33334441234
Brazil,2023,0.695,10377.5892792557
Brazil,2024,0.712,10310.5486973693
United States,2000,0.808,36329.9702595751
United States,2001,0.769,37133.6203973517
United States,2002,0.769,37997.7424300242
United States,2003,0.798,39490.3023903176
United States,2004,0.799,41724.6411982614
United States,2005,0.794,44123.3996470026
United States,2006,0.801,46301.9876485519
United States,2007,0.84,48050.227412195
United States,2008,0.845,48570.0594269601
United States,2009,0.848,47194.9500893872
United States,2010,0.848,48642.6312088213
United States,2011,0.845,50024.8812320773
United States,2012,0.842,51708.3940614082
United States,2013,0.852,53297.3862901595
United States,2014,0.848,55153.3940182967
United States,2015,0.848,56849.4697923159
United States,2016,0.83,57976.628204291
United States,2017,0.749,60047.7190728307
United States,2018,0.739,62875.6661382728
United States,2019,0.74,65227.9565911038
United States,2020,0.734,64465.2971415748
United States,2021,0.756,71441.2319805947
United States,2022,0.769,78008.6895811877
United States,2023,0.789,82586.7847707894
United States,2024,0.751,86169.6641581917
Germany,2000,0.86,23925.8559901991
Germany,2001,0.86,23878.3641471651
Germany,2002,0.859,25486.5942008748
Germany,2003,0.857,30711.1022511331
Germany,2004,0.857,34566.7359143735
Germany,2005,0.859,35084.4363546269
Germany,2006,0.864,36980.3349948954
Germany,2007,0.864,42350.9217211489
Germany,2008,0.864,46379.1647953479
Germany,2009,0.862,42471.8868625226
Germany,2010,0.862,42396.9665976293
Germany,2011,0.864,47630.9761883572
Germany,2012,0.863,44718.0159214069
Germany,2013,0.853,47206.8353514242
Germany,2014,0.845,48959.5991203133
Germany,2015,0.845,41929.7549110722
Germany,2016,0.848,42948.9381932694
Germany,2017,0.842,45553.9341495339
Germany,2018,0.834,48916.1686612154
Germany,2019,0.831,47656.199739747
Germany,2020,0.821,47394.8734504469
Germany,2021,0.814,52349.2459994422
Germany,2022,0.806,50506.5179638543
Germany,2023,0.812,54776.7668235491
Germany,2024,0.778,56103.7323182554
China,2000,0.07,969.199513696287
China,2001,0.071,1065.40597574519
China,2002,0.073,1163.55957673426
China,2003,0.074,1306.97245408557
China,2004,0.073,1530.92726215723
China,2005,0.057,1777.64496828464
China,2006,0.057,2129.25696999613
China,2007,0.057,2734.72709877693
China,2008,0.057,3523.44302065213
China,2009,0.057,3898.24459158811
China,2010,0.057,4629.24551710077
China,2011,0.056,5703.76027973346
China,2012,0.056,6405.0574241349
China,2013,0.053,7147.03518622344
China,2014,0.052,7781.06597484974
China,2015,0.052,8175.33285077393
China,2016,0.052,8254.86859320357
China,2017,0.052,8979.67652709856
China,2018,0.048,10085.6638148819
China,2019,0.047,10342.9009524335
China,2020,0.042,10627.4637989619
China,2021,0.044,12887.4357242941
China,2022,0.042,12970.6056414327
China,2023,0.037,12951.1782397043
China,2024,0.037,13293.1162269366
